{"name":"bf06db2d-b5c4-47f3-bce1-d161bd650eda","id":"/providers/Microsoft.Flow/flows/bf06db2d-b5c4-47f3-bce1-d161bd650eda","type":"Microsoft.Flow/flows","properties":{"apiId":"/providers/Microsoft.PowerApps/apis/shared_logicflows","displayName":"To-Do Task from Teams Message","definition":{"metadata":{"workflowEntityId":null,"processAdvisorMetadata":null,"flowChargedByPaygo":null,"flowclientsuspensionreason":"None","flowclientsuspensiontime":null,"flowclientsuspensionreasondetails":null,"creator":{"id":"e35e90a4-a417-46b0-a19a-dcec81251e82","type":"User","tenantId":"5b73a072-2f1f-46ad-92ca-a9b3993e45aa"},"provisioningMethod":"FromDefinition","failureAlertSubscription":true,"clientLastModifiedTime":"2025-01-03T07:22:40.6900537Z","connectionKeySavedTimeKey":"2025-01-03T07:22:40.6900537Z"},"$schema":"https://schema.management.azure.com/providers/Microsoft.Logic/schemas/2016-06-01/workflowdefinition.json#","contentVersion":"1.0.0.0","parameters":{"$connections":{"defaultValue":{},"type":"Object"},"$authentication":{"defaultValue":{},"type":"SecureObject"}},"triggers":{"manual":{"metadata":{"operationMetadataId":"c7fff8c4-71d3-4a92-a461-a0310b439073","flowSystemMetadata":{"swaggerOperationId":"ForASelectedMessageV2","taskModuleWidth":null,"taskModuleHeight":null,"inputsAdaptiveCard":"{\"$schema\":\"http://adaptivecards.io/schemas/adaptive-card.json\",\"type\":\"AdaptiveCard\",\"version\":\"1.3\",\"body\":[{\"type\":\"TextBlock\",\"text\":\"Task\",\"wrap\":true,\"weight\":\"Bolder\",\"color\":\"Accent\"},{\"type\":\"Input.Text\",\"id\":\"tasktitle\"},{\"type\":\"TextBlock\",\"text\":\"Notes\",\"wrap\":true,\"weight\":\"Bolder\",\"color\":\"Accent\"},{\"type\":\"Input.Text\",\"spacing\":\"None\",\"id\":\"notes\"}],\"actions\":[{\"type\":\"Action.Submit\",\"title\":\"Submit\"}],\"-ms-tokens\":{}}"}},"type":"Request","kind":"ApiConnection","inputs":{"schema":{"type":"object","properties":{"teamsFlowRunContext":{"type":"object","properties":{"messagePayload":{"type":"object","properties":{"from":{"type":"object","properties":{"user":{"type":"object","properties":{"displayName":{"title":"Sender User Display Name","type":"string"}},"required":[]}},"required":[]},"body":{"type":"object","properties":{"plainText":{"title":"Plain Text Message Content","type":"string"}},"required":[]},"linkToMessage":{"title":"Link to message","type":"string"}},"required":[]}}},"cardOutputs":{"type":"object","properties":{"varNotes":{"title":"varNotes","type":"string"},"tasktitle":{"title":"tasktitle","type":"string"},"notes":{"title":"notes","type":"string"}}}},"required":["teamsFlowRunContext","cardOutputs"]},"host":{"connection":{"name":"@parameters('$connections')['shared_teams']['connectionId']"},"api":{"runtimeUrl":"https://flow-apim-europe-001-westeurope-01.azure-apim.net/apim/teams"}},"operationId":"ForASelectedMessageV2","parameters":{"inputsAdaptiveCard":"{\"$schema\":\"http://adaptivecards.io/schemas/adaptive-card.json\",\"type\":\"AdaptiveCard\",\"version\":\"1.3\",\"body\":[{\"type\":\"TextBlock\",\"text\":\"Task\",\"wrap\":true,\"weight\":\"Bolder\",\"color\":\"Accent\"},{\"type\":\"Input.Text\",\"id\":\"tasktitle\"},{\"type\":\"TextBlock\",\"text\":\"Notes\",\"wrap\":true,\"weight\":\"Bolder\",\"color\":\"Accent\"},{\"type\":\"Input.Text\",\"spacing\":\"None\",\"id\":\"notes\"}],\"actions\":[{\"type\":\"Action.Submit\",\"title\":\"Submit\"}],\"-ms-tokens\":{}}"}}}},"actions":{"Add_a_to-do_(V3)":{"runAfter":{},"metadata":{"operationMetadataId":"61d640d4-29b3-421b-aced-e651b57b72d1"},"type":"OpenApiConnection","inputs":{"host":{"apiId":"/providers/Microsoft.PowerApps/apis/shared_todo","connectionName":"shared_todo","operationId":"CreateToDoV3"},"parameters":{"folderId":"Choose your own to-do list here","body/title":"@{triggerBody()?['cardOutputs']?['tasktitle']} | @{triggerBody()?['teamsFlowRunContext']?['messagePayload']?['from']?['user']?['displayName']}","body/body/content":"<p><strong>Message:<br>\n<br>\n</strong><strong>@{triggerBody()?['teamsFlowRunContext']?['messagePayload']?['body']?['plainText']}</strong><strong></strong><br>\n<strong><br>\nNotes:</strong><br>\n<br>\n@{triggerBody()?['cardOutputs']?['notes']}<br>\n<br>\n<strong>Link to message:</strong><br>\n<br>\n@{triggerBody()?['teamsFlowRunContext']?['messagePayload']?['linkToMessage']}</p>"},"authentication":{"value":"@json(decodeBase64(triggerOutputs().headers['X-MS-APIM-Tokens']))['$ConnectionKey']","type":"Raw"}},"description":"Task title and notes are coming from the adaptive card. "}},"outputs":{}},"connectionReferences":{"shared_teams":{"connectionName":"shared-teams-7c38501d-c11e-45c4-be91-9a82d4637c30","source":"Invoker","id":"/providers/Microsoft.PowerApps/apis/shared_teams","tier":"NotSpecified"},"shared_todo":{"connectionName":"shared-todo-4f38bd21-4d66-4d1c-b34f-7727ffa1b518","source":"Invoker","id":"/providers/Microsoft.PowerApps/apis/shared_todo","tier":"NotSpecified"}},"flowFailureAlertSubscribed":false,"isManaged":false}}